title,text
No Title," Chỉ sử dụng tài liệu vào mục đích học tập và nghiên cứu







BỆNH VIỆN 103

BỘ MÔN TÂM THẦN VÀ TÂM LÝ Y HỌC













TIÊU CHUẨN CHẨN ĐOÁN CÁC RỐI LOẠN TÂM THẦN THEO DSM-5  (TÀI LIỆU SỬ DỤNG NỘI BỘ)































Hà Nội: 03/2015



Chỉ đạo: PGS.TS. Cao Tiến Đức

Hiệu đính: PGS.TS. Nguyễn Sinh Phúc







Những người tham gia dịch:"
No Title," Các rối loạn giao tiếp hoặc rối loạn hoạc biệt định.

	Rối loạn phổ tự kỉ.

		Các rối loạn giao tiếp

	Rối loạn ngôn ngữ (Language Disorder)

1.2.2 Mã số: 315.39 (F80.9)  Khó khăn dai dẳng trong hình thành và sử dụng sử dụng ngôn ngữ trong các phương thức (nói, viết, ngôn ngữ ký hiệu) dẫn đến suy giảm khả năng hiểu hoặc những vấn đề dưới đây:  Giảm vốn từ (hiểu và sử dụng từ).

	Hạn chế cấu trúc câu (khả năng đặt câu đúng ngữ pháp).  Làm hỏng cuộc nói chuyện (khả năng sử dụng từ và kết nối câu để diễn giải hoặc mô tả 1 chủ đề hoặc một chuỗi sự kiện hoặc có 1 cuộc nói chuyện)  Khả năng ngôn ngữ thấp đáng kể so với lứa tuổi, dẫn đến hạn chế hiệu quả giao tiếp, tham gia xã hội, thành tích học tập hoặc khả năng nghề nghiệp, riêng lẻ hoặc kết hợp."
No Title," Các biến thể khác nhau của phát âm bình thường.

	Tổn thương thính giác hoặc giác quan khác.

	Khuyết tật về cấu trúc (ví dụ, hở hàm ếch)

1.2.5 Rối loạn giao tiếp xã hội"
No Title," .  Chẩn đoán phân biệt:

	Rối loạn phổ tự kỉ.

	Rối loạn tăng động/giảm chú ý.

	Rối loạn lo âu xã hội (ám ảnh sợ xã hội).

	Chậm phát triển trí tuệ và chậm phát triển tổng thể.

		Rối loạn phổ tự kỉ"
No Title," Tính cố định đơn điệu, không linh hoạt trong hoạt động hằng ngày, hoặc kiểu nghi thức hóa hành vi ngôn ngữ hoặc phi ngôn ngữ (đau khổ quá mức với một thay đổi nhỏ, khó khăn với sự thay đổi, kiểu tư  duy cứng nhắc, cách chào hỏi rập khuôn, đi một đường, ăn một món hằng ngày)"
No Title," năng hoặc sự phát triển, được đặc trưng ở các triệu chứng (1) và/hoặc (2).  Giảm chú ý: Có ít nhất 6 triệu chứng trong số các triệu chứng sau tồn tại dai dẳng trong ít nhất 6 tháng ở mức độ không phù hợp với sự phát triển của trẻ, gây suy giảm một cách rõ ràng các hoạt động  xã hội và nghề nghiệp  ."
No Title," vị thành niên và thanh niên, đó là các việc chuẩn bị báo cáo, hoàn thiện mẫu trình bày, xem trước các trang sách dài).  Thường đánh mất các vật dụng cần thiết cho công việc hoặc các hoạt động (các dụng cụ học tập như bút, sách, vở bài tập, ví, chìa khóa, kính mắt, điện thoại di động hay các dụng cụ khác)  Thường dễ bị sao nhãng bởi các kích thích bên ngoài (đối với trẻ vị thành niên

và người trưởng thành, có thể bao gồm các ý nghĩ không liên quan).  Thường quên các hoạt động hằng ngày (như làm việc vặt trong nhà hoặc nơi làm việc; đối với trẻ vị thành niên và người trưởng thành như là gọi điện lại, trả hóa đơn, giữ đúng hẹn).  Tăng động và xung động: có ít nhất 6 triệu chứng trong số các triệu chứng sau tồn tại dai dẳng trong ít nhất 6 tháng ở mức độ không phù hợp với sự phát triển của trẻ, gây suy giảm một cách rõ ràng"
No Title, bồn chồn hoặc khó theo kịp)  .
No Title," Hồi phục một phần: Trước đây các tiêu chuẩn được đáp ứng đầy đủ, và trong 6 tháng qua các triệu chứng biểu hiện ít hơn nhưng vẫn gây suy giảm các chức năng xã hội, học tập và nghề nghiệp.  Biệt định mức độ hiện tại:

Nhẹ: có một vài, thậm chí rất ít triệu chứng vượt quá mức độ cần cho chẩn đoán và các triệu chứng gây ra tổn hại rất ít trong các chức năng xã hội, học tập, nghề nghiệp.  Vừa: số lượng triệu chứng và ảnh hưởng của nó nằm giữa mức độ nhẹ và nặng  . Nặng: có nhiều triệu chứng vượt quá số lượng cần cho chẩn đoán hoặc nhiều triệu chứng biểu hiện ở mức độ trầm trọng và các triệu chứng gây ra tổn hại nghiêm trọng trong các chức năng xã hội, học tập"
No Title," Khó khăn trong việc đánh vần (ví dụ, đọc thêm hay bỏ sót âm, thay đổi nguyên âm hoặc phụ âm).  Khó khăn trong việc biểu thị bằng cách viết (ví dụ, mắc nhiều lỗi ngữ pháp hoặc phát âm, hành văn, chia đoạn kém, không thể hiện được ý một cách rõ ràng, mạch lạc.  Khó khăn trong việc làm chủ số lượng câu, số lượng ý hoặc tính toán (ví dụ, kém hiểu biết về số, về mối quan hệ của các số; phải đếm ngón tay trong cả những phép tính đơn giản mà không nhớ được như  các bạn cùng tuổi, nhầm lần trong tính toán, các phép tính)  ."
No Title," Rối loạn điều hòa phát triển (Developmental Coordination Disorder)

Mã số: 315.4 (F82)  Việc hình thành cũng như thể hiện các kĩ năng điều hòa vận động thấp hơn đáng kể so với độ tuổi. Những khó khăn được thể hiện như: vụng về (hay làm  rơi, đổ vỡ); các kĩ năng vận động thể hiện một cách chậm chạp, không cẩn thận (ví dụ, cầm, giữ đồ vật, dùng kéo, dùng bút, đạp xe hoặc tham gia chơi thể thao).  Những suy giảm kĩ năng vận động như trong tiêu chuẩn A thể hiện một cách rõ rệt và bền vững, gây cản trở các hoạt động theo độ tuổi trong cuộc sống hằng ngày (ví dụ, tự chăm sóc bản thân) và ảnh  hưởng đến hiệu quả học tập, các hoạt động học nghề hoặc làm nghề, giải trí và vui chơi  .  Các triệu chứng khởi phát ở giai đoạn sớm của sự phát triển.  Suy giảm kĩ năng vận động không thể được giải thích tố hơn bởi rối loạn phát triển trí tuệ hoặc tật chứng thị giác và cũng không phải domọt bệnh thần kinh ảnh hưởng đến vận động.  Chẩn đoán phân biệt:

	Tật chứng vận động do một bệnh cơ thể khác.

	Rối loạn phát triển trí tuệ.

	ADHD.

	Rối loạn phổ tự kỉ.

	Hội chứng tăng vận động khớp (Joint hypermobility syndrome)."
No Title," tâm thần khác (ví dụ, chứng nhổ tóc, OCD)  .  Biệt định nếu:

	Có hành vi tự gây thương tích.

	Không có hành vi tự gây thương tích.

Biệt định nếu:  Liên quan đến một bệnh cơ thể hoặc một bệnh di truyền , rối loạn phát triển thần kinh hay yếu tố môi trường đã biết.

Biệt định mức độ:

	Nhẹ.

	Vừa.

	Nặng.

Chẩn đoán phân biệt:"
No Title," Các tic vận động đơn dạng, đa dạng và/hoặc tic âm thanh.

	Các tic này kéo dài ít hơn 1 năm kể từ khi khởi phát.

	Khởi phát trước 18 tuổi.  Các rối loạn này không phải do chất gây nghiện (như cocain) hoặc bệnh lý cơ thể khác (như bệnh Huntington, viêm não không điển hình) gây ra."
No Title," . Hoang tưởng khuếch đại (khi một người tin rằng mình có khả năng đặc biệt, giàu có hoặc nổi tiếng) và hoang tưởng được yêu (khi một người lầm tưởng rằng một ai đó yêu mình) cũng thường thấy  . Hoang tưởng hư vô có nghĩa là một ai đó tin rằng một thảm họa lớn sẽ xảy ra. Hoang tưởng về cơ thể tập trung vào những mối lo lắng về sức khỏe và chức năng các cơ quan của cơ thể mình.  “Hoang tưởng bị coi là kì quái nếu chúng hoang đường rõ rệt, khó hiểu đối với những người sống cùng một nền văn hóa, và không xuất phát từ những trải nghiệm trong cuộc sống hàng ngày  . Một ví dụ về hoang tưởng kì quái là niềm tin rằng có một thế lực bên ngoài đã lấy mất nội tạng của mình, và thay thế bằng nội tạng của người khác mà không để lại vết thương hay vết sẹo nào  . Một ví dụ về hoang tưởng không kì quái là niềm tin rằng mình đang bị cảnh sát theo dõi, mặc dù không có bằng chứng thuyết phục nào  . Hoang tưởng biểu hiện sự mất kiểm soát đối với tâm trí hoặc cơ thể thường được coi là kì quái, trong đó bao gồm niềm tin rằng suy nghĩ của mình đã bị lấy đi bởi một thế lực bên ngoài (tư duy bị đánh  cắp), và thay thế bằng suy nghĩ của người ngoài hành tinh (tư duy bị áp đặt), hoặc rằng cơ thể hay hành động của mình đang bị điều khiển hoặc thao túng bởi một thế lực bên ngoài nào đó (hoang tưởng  bị kiểm soát)  . Sự phân liệt giữa một hoang tưởng với một ý tưởng được tin mạnh mẽ thỉnh thoảng bị khó  khăn, một phần phụ thuộc vào mức độ thuyết phục của niềm tin, mặc dù đã có bằng chứng đối lập rõ ràng hay hợp lý về sự xác thực của chúng”



Ảo giác"
No Title," . Ảo giác có tính sống động, rõ ràng, với đầy sức mạnh và tác động đến các tri giác bình thường dưới sự kiểm soát tự ý  . Ảo giác có thể diễn ra theo bất kì phương thức giác quan nào, nhưng ảo thanh là phổ biến nhất của TTPL và các rối loạn có liên quan  . Ảo thanh thường được trải nghiệm dưới hình thức những giọng nói, lạ hoặc quen, được cảm nhận khác với suy nghĩ của họ  . Ảo giác phải xuất hiện trong bối cảnh của ý thức sáng sủa; còn những ảo giác xuất hiện khi ngủ (giở ngủ) hoặc khi thức giấc (giở thức) được coi là nằm trong ngưỡng trải nghiệm thông thường"
No Title," . Mặc dù căng trương lực về mặt lịch sử đi kèm với TTPL, những triệu chứng của nó là không đặc trưng, và có thể xảy ra ở các trường hợp rối loạn tâm thần khác (ví dụ như rối loạn trầm cảm hoặc lưỡng  cực với căng trương lực) và trong những bệnh nội khoa (rối loạn căng trương lực do bệnh lý nội khoa khác)  ."
No Title," Có 1 hoặc nhiều hoang tưởng tồn tại ít nhất 1 tháng hoặc lâu hơn.

	Tiêu chuẩn A cho TTPL không bao giờ được thoả mãn.  Lưu ý: Nếu có ảo giác thì không được nổi bật và có liên quan đến hoang tưởng (ví dụ, cảm giác côn trùng bò phối hợp với hoang tưởng có côn trùng)  Ngoài tác động của hoang tưởng biểu hiện rõ ràng, chức năng tâm lý xã hội không bị rối loạn rõ ràng, hành vi không phải lạ lùng hoặc kỳ dị rõ ràng.  Nếu có giai đoạn hưng cảm và trầm cảm xuất hiện đồng thời với hoang tưởng, độ dài của chúng phải ngắn hơn khi so sánh với độ dài toàn bộ của hoang tưởng."
No Title," Rối loạn không giải thích được là do trầm cảm hoặc RLLC có loạn thần hoặc các RL loạn thần khác như TTPL hoặc căng trương lực và không phải là hậu quả trực tiếp của chất gây loạn thần (ví dụ ma tuý,  thuốc) hoặc của một bệnh cơ thể  . Được biệt định nếu như:  Có chấn thương tâm lý rõ (loạn thần phản ứng ngắn): nếu như triệu chứng xuất hiện rõ ràng một thời gian ngắn sau khi bị các sự kiện, đơn độc hoặc phối hợp với nhau, được coi là stress cho hầu hết"
No Title," giai đoạn cấp hoặc (2) nếu giai đoạn cảm xúc xảy ra trong giai đoạn cấp, chúng chỉ xuất hiện một thời gian ngắn trong tổng thời gian cấp tính hoặc di chứng của rối loạn  .  D. Rối loạn không có thể quy do các ảnh hưởng sinh lý của các chất (ví dụ như

chất ma túy hoặc các thuốc) hoặc do các tình trạng bệnh cơ thể khác.

Chẩn đoán phân biệt:"
No Title," tin kỳ lạ, trải nghiệm tri giác không bình thường)  ."
No Title," Các triệu chứng thoả mãn cho một giai đoạn rối loạn cảm xúc được biểu hiện

đủ dài trong suốt thời gian của các giai đoạn hoạt động và di chứng của bệnh.  Bệnh không phải là kết quả trực tiếp của thuốc (ví dụ ma tuý/thuốc) hoặc một

bệnh cơ thể.

Các thể biệt định:"
No Title," Rối loạn loạn thần do một chất/thuốc.

	Rối loạn loạn thần.

		Căng trương lực  Căng trương lực liên quan đến một rối loạn tâm thần khác/căng trương lực biệt định (Catatonia Associated with Another Mental Disorder/Specifier)

Mã số: 293.89 (F06.1)  Có 3 (hoặc nhiều hơn) trong số các triệu chứng dưới đây chiếm ưu thế trong bệnh cảnh lâm sàng:

	Sững sờ (Stupor)

	Giữ nguyên thế (Catalepsy)

	Uốn sáp (Waxy flexibility)

	Không nói (Mutism)"
No Title," Để chẩn đoán rối loạn lưỡng cực I, điều cần thiết là phải đáp ứng được tiêu chuẩn chẩn đoán giai đoạn hưng cảm  . Giai đoạn hưng cảm này có thể diễn ra trước hoặc ngay sau pha hưng cảm nhẹ hoặc trầm cảm chủ yếu.  Giai đoạn hưng cảm (Manic Episode)"
No Title," thần  .  Các triệu chứng trên không phải là kết quả sinh lý trực tiếp của một chất (như lạm dụng ma túy, một thuốc hặc một điều trịkhác) hay do bệnh lý khác.  Lưu ý: Các giai đoạn giống với các giai đoạn hưng cảm rõ ràng là hậu quả của  điều trị chống trầm cảm (thuốc, sốc điện ) nhưng tồn tại dai dẳng đầy đủ ở các mức độ ngoài tác dụng sinh lý của điều trị đủ bằng chứng cho chẩn đoán một giai đoạn hưng cảm và phù hợp với chẩn đoán  rối loạn cảm xúc lưỡng cực I  . Lưu ý: Tiêu chuẩn chẩn đoán từ A- D cấu thành giai đoạn hưng cảm . Ít nhất một lần trong đời có giai đoạn hưng cảm có thể được xem xét chẩn đoán rối loạn cảm xúc lưỡng cực I."
No Title," Bị lôi cuốn quá mức vào các hoạt động có nguy cao gây các hậu quả đau đớn (như mua sắm quá nhiều, hoạt động tình dục bừa bãi hoặc đầu tư buôn bán bất lợi).  Giai đoạn này đi kèm với sự thay đổi rõ rệt trong hoạt động của người bệnh mà không phải đặc trưng khi không có triệu chứng.

	Rối loạn khí sắc hoặc thay đổi chức năng được quan sát bởi người khác"
No Title," Chú ý: không bao gồm các triệu chứng là hậu quả rõ ràng của bệnh lý cơ thể.  Khí sắc trầm cảm biểu hiện phần lớn thời gian trong ngày, hầu như hằng ngày được nhận biết bởi chính người bệnh (ví dụ: cảm thấy buồn, trống rỗng, mất hy vọng) hoặc được quan sát bởi người khác (ví  dụ: nhìn thấy người bệnh khóc)  . Chú ý: ở trẻ em và vị thành niên khí sắc có thể bị kích thích.  Giảm đáng kể sự quan tâm, thích thú đối với mọi hoạt động diễn ra trong

ngày (đượcngười bệnh tự nhận thấy hoặc người khác quan sát thấy)  Giảm trọng lượng cơ thể khi không ăn kiêng hoặc tăng cân (ví dụ: tăng hơn 5% trọng lượng cơ thể trong 1 tháng) hoặc tăng hoặc giảm cảm giác ngon miệng hầu như hàng ngay  . Chú ý: trẻ em là ko đạt được trọng lượng cơ thể cần thiết.  Mất ngủ hoặc ngủ nhiều hầu như hằng ngày.  Kích động tâm thần vận động hoặc chậm chạp vận động hầu như hằng ngày (được người khác quan sát thấy không chỉ là người bệnh cảm thấy sự bồn chồn hoặc chậm chạp)  Mệt mỏi hoặc mất năng lượng hầu như hằng ngày.  Cảm giác vô dụng hoặc tội lỗi quá mức (có thể là hoang tưởng) diễn ra hầu như hằng ngày (không chỉ đơn thuần là người bệnh tự trách mình hoặc tự buộc tội về việc bị bệnh).  Giảm khả năng suy nghĩ hoặc tập trung chú ý hoặc khả năng ra quyết định diễn ra hầu như hằng ngày (người bệnh tự nhận thấy hoặc người khác quan sát thấy).  Ý nghĩ thường xuyên về cái chết (không phải sợ chết) ý tưởng tự sát tái diễn mà ko có một kế hoạch tự sát cụ thể hoặc có dự định (toan tính) tự sát hoặc có một kế hoạch tự sát để tự sát thành công.  Các triệu chứng là nguyên nhân gây suy giảm các chức năng xã hội, nghề nghiệp hoặc các chức năng quan trọng khác.

	Các triệu chứng ko phải là hậu quả sinh lý của một chất hoặc bệnh lý cơ thể"
No Title," Lưu ý: Tiêu chuẩn A- C cho một giai đoạn trầm cảm chủ yếu.  Lưu ý: Phản ứng với mất mát lớn (mất người thân, phá sản về tài chính, thiệt hại do thảm họa thiên nhiên, bệnh cơ thể nặng hoặc khuyết tật) có thể bao gồm cảm giác mãnh liệt, nhắc đi nhắc lại về sự  mất mát, mất ngủ, chán ăn, giảm cân được lưu ý trong Tiêu chuẩn A có thể giống với một giai đoạn trầm cảm  . Mặc dù các triệu chứng có thể được hiểu hoặc được coi là phù hợp với với sự mất mát, sự có mặt của một giai đoạn trầm cảm chủ yếu ngoài phản ứng với sự mất mát đáng kể cần được xem xét cụ thể  . Quyết định đòi hỏi phải đánh giá lâm sàng dựa trên bệnh sử và chuẩn mực văn hóa của sự biểu hiện đau buồn trong hoàn cảnh mất mát."
No Title," Một giai đoạn bất thường rõ rệt và gia tăng hoặc bùng nổ hoặc kích thích và bền vững của khí sắc, tăng các hoạt động có mục đích hoặc tăng năng lượng, kéo dài ít 4 ngày liên tục và tồn tại hầu hết  thời gian trong ngày và hầu như mọi ngày"
No Title," Lưu ý: Các giai đoạn giống với các giai đoạn hưng cảm nhẹ rõ ràng là hậu quả của điều trị chống trầm cảm (thuốc, sốc điện ) nhưng tồn tại dai dẳng đầy đủ ở các mức độ ngoài tác dụng sinh lý của điều  trị đủ bằng chứng cho chẩn đoán một giai đoạn hưng cảm nhẹ  . Tuy nhiên cần thận trọng để chỉ ra 1 hoặc 2 triệu chứng (đặc biệt là tăng kích thích,cáu kỉnh, hoặckích độngsau khi sử dụngthuốc chống trầm cảm) không được coi làđủđể chẩn đoánmộtgiai đoạn hưng cảm"
No Title, . Chú ý: trẻ em làkhông đạt được trọng lượng cơ thể cần thiết.  Mất ngủ hoặc ngủ nhiều hầu như hằng ngày.  Kích động tâm thần vận động hoặc chậm chạp vận động hầu như hằng ngày (được người khác quan sát thấy không chỉ là bệnh nhân cảm thấy sự bồn chồn hoặc chậm chạp)
No Title," đáng kể cần được xem xét cụ thể. Quyết định đòi hỏi phải đánh giá lâm sàng dựa trên bệnh sử và chuẩn mực văn hóa của sự biểu hiện đau buồn trong hoàn cảnh mất mát.

Đặc điểm chẩn đoán"
No Title," được kì vọng về mức độ phát triển của trẻ thì có thể coi như đạt tiêu chí A  . Nếu sự vui vẻ là bất thường (khác với hàng ngày) và sự thay đổi khí sắc cùng lúc với những triệu chứng khi đạt tiêu chí B về hưng cảm, thì sự chắc chắn của chẩn đoán sẽ tăng; tuy nhiên sự thay đổi  khí sắc phải được đi kèm với mức độ năng lượng hoặc hoạt động gia tăng dai dẳng, biểu hiện rõ rệt với những người biết rõ trẻ"
No Title," . Cá nhân có thể chỉ ngủ rất ít, nếu có, hoặc dậy sớm vài giờ so với thường lệ, và luôn cảm thấy đã nghỉ đủ và đầy năng lượng  . Khi rối loạn giấc ngủ trở nên nghiêm trọng, người đó có thể không ngủ trong nhiều ngày liền mà không thấy mệt  . Thông thường, giảm nhu cầu ngủ thường là dấu hiệu báo trước của khởi phát giai đoạn hưng cảm."
No Title," chuyện, sự trang trí đồ đạc trong phòng) và thường khiến cho cá nhân bị hưng cảm không thể có một cuộc trò chuyện ra nghĩa hay chú ý đến các chỉ dẫn  .  Sự gia tăng hoạt động có mục đích hướng thường bao gồm việc lập kế hoạch và tham gia một cách quá mức vào quá nhiều hoạt động, bao gồm các hoạt động tình dục, nghề nghiệp, chính trị hay tôn giáo  . Sự gia tăng các xung năng, huyễn tưởng và hành vi tình dục cũng là một biểu hiện thường thấy"
No Title," diễn ra đi cùng lúc với những triệu chứng hưng cảm khác  .  Khí sắc chan hòa, sự lạc quan quá mức, sự khuyếch đại và khả năng phán xét kém thường dẫn tới việc tham gia một cách bất cẩn vào các hoạt động như tiêu tiền bừa bãi, cho đồ, lái xe ẩu, đầu tư kinh  doanh một cách ngớ ngẩn, và tình dục bừa bãi, những điều mà trước đây người đó thường không làm, mặc dù những hoạt động này có thể để lại hậu quả thảm họa (Tiêu chí B7)"
No Title," sinh lý của tác nhân (sau khi thuốc đã hoàn toàn ra khỏi cơ thể, hoặc tác dụng của liệu pháp sốc điện được dự kiến đã hoàn toàn hết), được xem là đủ bằng chứng cho chẩn đoán giai đoạn hưng cảm (tiêu  chí D)"
No Title," Với khí sắc phù hợp với loạn thần. Khí sắc không phù hợp với loạn thần.

Với căng trương lực có thể ghi thêm mã 293.89 (F06.1). Khởi phát liên quan thai sản.

Khởi phát liên quan đến mùa.  Biệt định tiến triển:

Thuyên giảm một phần.



Thuyên giảm hoàn toàn.

Biệt định mức độ:

Nhẹ. Vừa. Nặng.

Chẩn đoán phân biệt với:

	Rối loạn trầm cảm chủ yếu.

	Rối loạn khí sắc chu kì."
No Title," loạn khác có liên quan, gây ra do một bệnh y khoa khác không được tính vào chẩn đoán rối loạn lưỡng cực II, trừ khi những triệu chứng đó tồn tại dai dẳng vượt quá tác dụng sinh lý của điều trị hoặc  chất, và sau đó đạt tiêu chí thời  gian cho một giai đoạn  . Ngoài ra, các giai đoạn cũng không được giải thích tốt hơn bởi rối loạn phân liệt cảm xúc, và không chồng lên TTPL, rối loạn dạng phân liệt, rối loạn hoang tưởng, hay những rối loạn phổ TTPL biệt"
No Title," . Những người bị rối loạn lưỡng cực II có thể không coi giai đoạn hưng cảm nhẹ là một điều bất lợi hay bệnh lý, cho dù hành vi thất thường của người đó có thể gây rắc rối cho người khác  . Bạn bè hoặc người thân, họ hàng thường cung cấp những thông tin lâm sàng hữu ích cần thiết khi chẩn đoán rối loạn lưỡng cực II.  Giai đoạn hưng cảm nhẹ không nên bị nhầm lẫn với một vài ngày vui vẻ và năng lượng phục hồi hoặc hoạt động theo sau quá trình thuyên giảm của trầm cảm điển hình  . Cho dù có sự khác biệt đáng kể giữa độ nặng giữa giai đoạn hưng cảm và giai đoạn hưng cảm nhẹ, song rối loạn lưỡng cực II không phải là một “dạng nhẹ” của rối loạn lưỡng cực I  . So với những người mắc rối loạn lưỡng cực I, những người mắc rối loạn lưỡng cực II có độ mãn tính của căn bệnh lớn hơn, và trung bình có nhiều thời gian hơn ở giai đoạn trầm cảm, và có thể nặng và"
No Title," . Tính sáng tạo có thể được tăng cao ở một số người mắc chứng rối loạn lưỡng cực  . Tuy nhiên, mối quan hệ đó có thể không tuyến tính, nghĩa là những thành tựu về sáng tạo đạt được trong đời lớn hơn đi kèm với các dạng nhẹ hơn của rối loạn lưỡng cực, và sự sáng tạo ở mức cao hơn đã"
No Title," . Nhiều người phải trải qua vài giai đoạn trầm cảm điển hình trước khi giai đoạn hưng cảm nhẹ được phát hiện.  Số giai đoạn trong đời (các giai đoạn hưng cảm nhẹ và trầm cảm điển hình) có xu hướng cao hơn ở rối loạn lưỡng cực II so với rối loạn trầm cảm điển hình hay rối loạn lưỡng cực I  . Tuy nhiên, những người mắc chứng rối loạn lưỡng cực I thực tế dễ có những triệu chứng hưng cảm nhẹ hơn những người mắc chứng rối loạn lưỡng cực II  . Khoảng thời gian giữa hai giai đoạn khí sắc trong diễn tiến của rối loạn lưỡng cực II có xu hướng giảm khi già đi  . Trong khi giai đoạn hưng cảm nhẹ là tương lai xác định rối loạn lưỡng cực II, thì các giai đoạn trầm cảm lại kéo dài hơn, và làm mất dần chức năng theo thời gian  . Mặc dù trầm cảm chiếm đa số, một khi giai đoạn hưng cảm nhẹ xảy ra thì chẩn đoán sẽ trở thành rối loạn lưỡng cực II và không bao giờ quay ngược lại rối loạn trầm cảm điển hình."
No Title," Các triệu chứng không phải là hậu quả trực tiết của một chất (ma tuý, rượu

hoặc thuốc) hoặc một bệnh cơ thể (ví dụ: cường giáp).  Các triệu chứng là nguyên nhân ảnh hưởng rõ rệt đến các lĩnh vực nghề

nghiệp, xã hội và các chức năng quan trọng khác.

Chẩn đoán phân biệt:

	Rối loạn cảm xúc do một bệnh cơ thể."
No Title," . Nếu như bệnh nhân thoả mãn các tiêu chuẩn cho cả 2 bệnh, chẩn đoán có thể là cả rối loạn nhân cách thể ranh giới và khí sắc chu kì cùng được đặt ra.  Rối loạn lưỡng cực do một chất/thuốc

	Một giai đoạn rối loạn nổi bật và dai dẳng của khí sắc trong đó hình ảnh lâm

sàng đặc trưng là sự gia tăng, mở rộng khí sắc hoặc khí sắc kích thích có hay  không có khí sắc trầm hoặc suy giảm rõ rệt sự quan tâm hay thích thú trong tất cả hoặc hầu hết các hoạt động.

	Có bằng chứng từ bệnh sử, khám bệnh và các xét nghiệm cận lâm sàng cho thấy (1) và 2:"
No Title," Trong tiền sử, kết quả thăm khám hoặc các xét nghiệm có bằng chứng cho thấy rối loạn là hậu quả sinh lí bệnh trực tiếp của một bệnh cơ thể khác.  Rối loạn này không được giải thích tốt hơn bởi một RLTT khác D. Rối loạn hoàn toàn không xuất hiện riêng trong trạng thái sảng.  E"
No Title," .  Các ghi chú cho rối loạn lưỡng cực và các rối loạn liên quan



Ghi chú rõ nếu có:"
No Title," gần đây nhất:  Loạn cảm hoặc khí sắc trầm rõ rệt, thể hiện hoặc bởi báo cáo chủ quan (cảm thấy buồn hoặc trống rỗng) hoặc do người khác quan sát thấy (hay chảy nước mắt).  Giảm sự quan tâm và hứng thú trong tất cả, hoặc hầu như tất cả, các hoạt động (thể hiện hoặc bằng báo cáo chủ quan hoặc do người khác).  Chậm chạp tâm thần vận động hầu như hàng ngày (người khác có thể quan sát được, không chỉ là cảm giác chủ quan về việc trở nên chậm chạp)



	Mệt mỏi, hoặc thiếu năng lượng."
No Title," Tư duy phi tán, hoặc trải nghiệm chủ quan cảm thấy những ý nghĩ đang chạy đua.  Gia tăng năng lượng trong hoạt động có mục đích (hoặc là về mặt xã hội, tại nơi làm việc, trường học hoặc về mặt tình dục).  Gia tăng hoặc tham gia quá mức vào các hoạt động có nguy cơ cao gây ra các hậu quả đau đớn (chẳng hạn như tham gia vào những cuộc mua bán không giới hạn, tình dục bừa bãi, hoặc đầu tư kinh doanh một"
No Title," sang giai đoạn hưng cảm)  .  Lưu ý: Đặc điểm thiết yếu của rối loạn lưỡng cực chu kỳ nhanh là sự xảy ra ít nhất bốn giai đoạn khí sắc trong 12 tháng vừa qua. Các giai đoạn này có thể diễn ra với bất kỳ sự kết hợp hoặc thứ tự nào  . Các giai đoạn phải thỏa mãn tiêu chí về khoảng thời gian và số triệu chứng của giai đoạn trầm cảm điển hình, hưng cảm hay hưng cảm nhẹ, và phải được phân ranh giới bởi hoặc một giai đoạn thuyên giảm  hoàn toàn hoặc chuyển sang một giai đoạn của cực đối lập  . Những giai đoạn hưng cảm và hưng cảm nhẹ được coi là cùng một cực  . Ngoại trừ việc diễn ra thường xuyên hơn thì những giai đoạn diễn ra theo kiểu chu kỳ nhanh không khác với những giai đoạn không diễn ra theo kiểu chu kỳ nhanh"
No Title," Ý tưởng tội lỗi quá mức hoặc không phù hợp.  Lưu ý: Ghi chú rõ “Với các đặc điểm trầm cảm” được áp dụng nếu những đặc điểm này hiện diện tại thời điểm trầm trọng nhất của giai đoạn. Không chỉ là giảm mà là gần như không hề có khả năng hứng thú  . Một hướng dẫn cho việc đánh giá việc thiếu phản ứng khí sắc là ngay cả ở những sự kiện được ham muốn cao, thì tâm trạng cũng không khởi sắc hơn là bao nhiêu  . Tâm trạng có thể không hề khá hơn, hoặc chỉ khởi sắc một phần(vd, tăng khoảng 20-40% so với bình thường, và mỗi lần chỉ khoảng một vài phút)  . “Tính chất khác biệt” của khí sắc đặc trưng cho ghi chú “với các đặc điểm trầm cảm” được trải nghiệm khác biệt về mặt chất lượng so với tính chất trong một giai đoạn trầm cảm không trầm uất  . Một khí sắc trầm được mô tả chỉ đơn là trầm trọng hơn, kéo dài hơn, hoặc hiện diện không rõ lí do không được coi là khác biệt về chất lượng"
No Title," với hoàn cảnh hoặc cường độ kích thích  .  Các cơn bùng nổ không tương thích với mức độ phát triển.

	Các cơn bùng nổ xuất hiện trung bình khoảng 3 lần (hoặc hơn) trong một tuần."
No Title," trầm cảm chủ yếu, tăng động/giảm chú ý, rối loạn hành vi đạo đức (conduct disorder) và rối loạn sử dụng chất  . Những người có các triệu chứng đáp ứng tiêu chuẩn cả hai chẩn đoán: rối loạn điều hòa khí sắc và rối loạn hành vi chống đối thì chỉ đưa ra chẩn đoán rối loạn điều hòa khí sắc  . Nếu cá nhân đã từng có giai đoạn hưng cảm hoặc hưng cảm nhẹ thì không nên ấn định rối loạn điều hòa khí sắc."
No Title," . Lưu ý: trẻ em mất khả năng đạt được cân nặng cần thiết.  Mất ngủ hoặc ngủ nhiều hầu như hằng ngày.  Kích động hoặc vận động tâm thần chậm hầu như hằng ngày (được quan sát bởi người khác, không chỉ cảm giác của bệnh nhân là không yên tĩnh hoặc chậm chạp).  Mệt mỏi hoặc mất năng lượng hầu như hằng ngày.  Cảm giác vô dụng hoặc tội lỗi quá mức (có thể là hoang tưởng) hầu như hằ ng ngày (không chỉ là tự khiểm trách hoặc kết tội liên quan đến các vấn đề mắc phải).  Giảm khả năng suy nghĩ, tập trung chú ý hoặc khó đưa ra quyết định hầu như

hằng ngày (bệnh nhân tự thấy, hoặc người khác nhận thấy).  Ý nghĩ tiếp tục về cái chết (không chỉ là sợ chết), ý định tự sát tái diễn không có một kế hoạch trước, một hành vi tự sát hoặc một kế hoạch cụ thể để tự sát thành công."
No Title," Rối loạn trầm cảm dai dẳng (loạn khí sắc) (Persistent Depressive

Disorder/Dysthymia)  Khí sắc giảm trong phần lớn của ngày, nhiều ngày có hơn là ngày không, được bệnh nhân nhận thấy hoặc được quan sát bởi người khác trong thời gian ít nhất 2 năm  . Lưu ý: ở trẻ em và vị thành niên khí sắc có thể là bị kích thích và thời gian cần ít nhất là 1 năm.  Biểu hiện trong thời gian trầm cảm 2 hoặc hơn các triệu chứng sau:

	Giảm cảm giác ngon miệng hoặc ăn quá nhiều.

	Ít ngủ hoặc ngủ nhiều.

	Giảm năng lượng và mệt mỏi.



	Tự tin giảm."
No Title," Rối loạn không phải là kết quả sinh lí trực tiếp của một chất (ví dụ ma tuý, thuốc) hoặc một bệnh cơ thể (ví dụ nhược giáp).  Các triệu chứng là nguyên nhân ảnh hưởng lâm sàng rõ ràng trong các lĩnh vực xã hội, nghề nghiệp hoặc trong các lĩnh vực chức năng quan trọng khác. Được biệt định nếu như :"
No Title," Một rối loạn cảm xúc tạo ra bởi một chất được phân biệt với rối loạn khí sắc từ thực tế là bệnh nhân có sử dụng một chất (ví dụ ma tuý, thuốc hoặc chất độc) được coi là bệnh sinh trong liên quan với  rối loạn cảm xúc  .  Bệnh nhân loạn khí sắc thường có rối loạn nhân cách phối hợp  . Khi bảng lâm sàng của một bệnh nhân thoả mãn các tiêu chuẩn cho cả rối loạn khí sắc và rối loạn nhân cách, cả 2 chẩn đoán đều được đặt ra."
No Title," Chú ý: các triệu chứng trong tiêu chuẩn A-C phải xuất hiện trong phần lớn các chu kì kinh nguyệt trong năm vừa qua.  Các triệu chứng liên quan rõ rệt với đau khổ (distress) hoặc gây cản trởcông việc, học tập, các hoạt động xã hội thông thường hoặc mối quan hệ với những người khác (ví dụ, né tránh các hoạt động xã  hội, giảm năng suất và hiệu quả lao động, học tập hoặc ở nhà)"
No Title," Rối loạn lo âu chia tách (Separation Anxiety Disorder)

Mã số: 309.21 (F93.0)  Sự sợ hãi hoặc lo lắng quá mức, không phù hợp với độ tuổi về việc bị chia tách khỏi người mà cá nhân đang gắn bó. Để có đủ bằng chứng, phải có ít nhất 3 trong số các triệu chứng dưới đây:  Sự đau khổ (distress) qua mức, tái diễn khi biết trước hoặc đang bị tách khỏi nhà hoặc tách khỏi người gắn bó chủ yếu.  Sự lo lắng dai dẳng, quá mức về việc bị mất người gắn bó chủ yếu hoặc về khả năng người đó bị bệnh, bị thương, bị tai họa hoặc bị chết.  Sự lo lắng dai dẳng, quá mức về việc không thể quay trở lại như cũ (ví dụ như

bị mất mát, bị bắt cóc, tai nạn, bị bệnh), và điều này dẫn đến sự chia tách với cá nhân gắn bó chủ yếu.  Miễn cưỡng hoặc từ chối một cách dai dẳng đi khỏi nhà để đi học, đi làm

hoặc đến nơi nào đó có nguy cơ bị chia tách.

	Sự sợ hãi quá mức và dai dẳng hoặc miễn cưỡng phải ở nhà hoặc chỗ khác mà  không có người gắn bó chủ yếu.

	Sự miễn cưỡng hoặc từ chối dai dẳng ngủ ở nơi khác (không ở nhà) hoặc đi

ngủ mà không có người gắn bó bên cạnh.



	Thường xuyên có ác mộng với chủ đề chia tách.  Phàn nàn thường xuyên về các triệu chứng cơ thể (ví dụ, đau đầu, đau dạ dày, buồn nôn, nôn) khi bị hoặc sắp bị chia tách khỏi người gắn bó.  Sợ hãi, lo lắng hoặc né tránh dai dẳng, kéo dài ít nhất là 4 tuần ở trẻ emvà vị thành niên và là điển hình trong 6 tháng hoặc dài hơn ở người lớn.  Rối loạn gây ra đau khổ hoặc tổn thiệt đáng kể về các hoạt động xã hội, học tập, nghề nghiệp hoặc các chức năng quan trọng khác."
No Title, trong rối loạn loạn thần; từ chối ra ngoài nếu như không có người đồng hành tin tưởng trong ám ảnh sợ khoảng trống; lo bị ốm hoặc lo người gây tổn thương với người quan trọng như trong rối loạn lo âu  lan tỏa hoặc liên quan đến sự mắc bệnh trong rối loạn lo âu mắc bệnh  .
No Title," với sự sợ hãi hoặc lo âu mạnh mẽ.

	Sợ hãi và lo âu không tương xứng với sự nguy hiểm thực sự của đối tượng

hoặc tình huống gây ám ảnh sợ và bối cảnh văn hóa xã hội.  Sự sợ hãi, lo âu, né tránh dai dẳng, kéo dài ít nhất 6 tháng.

	Sự sợ hãi, lo âu, né tránh dai dẳng gây đau khổ hoặc suy giảm rõ rệt chức năng xã hội, nghề nghiệp hoặc các lĩnh vực quan trọngkhác."
No Title," Bệnh nhân lo ngại rằng hành động mà họ sẽ thực hiện hay sự biểu hiện triệu chứng lo âu sẽ bị đánh giá tiêu cực (ví dụ: là nhục nhã hoặc lúng túng; sẽ dẫn đến sự từ chối hoặc xúc phạm người khác).  Các tình huống xã hội hầu nh ư đều gây sợ hãi hay lo âu.

Lưu ý: ở trẻ em, nỗi sợ hãi hay lo âu có thể được thể hiện bằng cách khóc, ăn vạ,  bất động, bám, thu hẹp lại, hoặc không nói chuyện trong các tình huống xã hội.

	Bệnh nhân né tránh các tình huống xã hội hoặc phải chịu đựng với sự sợ hãi hay lo âu.  Sợ hãi hay lo âu không tương xứng với mối đe dọa thực tế đặt ra bởi tình huống xã hội và với bối cảnh văn hóa xã hội."
No Title," Lưu ý: Sự gia tăng đột ngột các triệu chứng có thể xảy ra từ một trạng thái bình tĩnh hoặc lo âu.

	Đánh trống ngực, tim đập mạnh, nhịp tim nhanh.

	Vã mồ hôi.



	Run.  Cảm giác khó thở hoặc thở nông.

	Cảm giác ngạt thở.

	Đau hoặc khó chịu ở ngực.

	Buồn nôn hoặc đau bụng.

	Cảm giác chóng mặt, đứng không vững hoặc ngất xỉu.

	Cảm giác ớn lạnh hoặc nóng bừng"
No Title," ứng với sự chia cắt khi bị tách khỏi người thân trong rối loạn lo âu bị chia cắt)  .  Chẩn đoán phân biệt:

	Các rối loạn lo âu biệt định hoặc không biệt định khác

	Không được chẩn đoán rối loạn hoảng sợ khi không có đầy đủ các triệu chứng"
No Title," . Cần khám lâm sàng kỹ kết hợp với các xét nghiệm thích hợp để tìm nguyên nhân (xét nghiệm calci huyết, holter theo dõi tim mạch).  Các rối loạn tâm thần có cơn hoảng sợ  Rối loạn hoảng sợ được xem như là 1 triệu chứng của rối loạn lo âu khác như hoảng sợ được kích hoạt bởi các tình huống xã hội trong rối loạn lo âu xã hội, các tình huống gây hoảng sợ trong ám ảnh sợ"
No Title," Các tình huống gây ra ám ảnh sợ khoảng trống gây ra hành động né tránh, cần có người thân bên cạnh hoặc phải chịu đựng với sợ hãi hoặc lo âu.  Sự sợ hãi hoặc lo âu không tương xứng với mối nguy hiểm của tình huống gây ra

ám ảnh sợ khoảng trống và với bối cảnh văn hóa xã hội.  Sự sợ hãi hoặc lo âu hoặc né tránh dai dẳng thường kéo dài 06 tháng hoặc nhiều hơn.

	Sự sợ hãi hoặc lo âu hoặc né tránh gây triệu chứng lâm sang rõ hoặc gây suy giảm"
No Title," Khó tập trung chú ý hoặc trí nhớ trống rỗng.

	Dễ cáu gắt.



	Tăng trương lực cơ.

	Rối loạn giấc ngủ (khó vào giấc ngủ, khó giữ giấc ngủ, khó chịu khi thức giấc).  Rối loạn lo âu hoặc các triệu chứng cơ thể là nguyên nhân dẫn đến các khó chịu,

suy giảm chức năng xã hội, nghề nghiệp hoặc các chức năng quan trọng khác.  Rối loạn không do hậu quả của một chất (lạm dụng ma tuý hoặc thuốc) hoặc một

bệnh lý cơ thể (như cường giáp).  Rối loạn lo âu không phải là các rối loạn tâm thần khác ( ví dụ: lo âu hoặc lo lắng có cơn hoảng sợ trong rối loạn hoảng sợ, đánh giá tiêu cực (Negative Evaluation) trong ám ảnh sợ xã hội, sợ bẩn"
No Title," Bệnh nhân có rối loạn lo âu xã hội thường có lo âu tập trung vào tình huống xã hội mà họ phải thực hiện hoặc được đánh giá bởi người khác  . Ngược lại, lo âu ở bệnh nhân bị GAD có thể có hoặc không bị người khác đánh giá  . Lo âu ở GAD thường xuyên hơn, loa âu trong ám ảnh sợ xã hội xuất hi ện trong các hoạt động xã hội và triệu chứng cơ thể của họ chủ yếu là đánh trống ngực, đỏ mặt và run."
No Title," Các chất/thuốc có liên quan có khả năng gây các triệu chứng trong tiêu chuẩn A.  RL không thể giải thích tốt hơn nếu không phải là rối loạn do một chất/thuốc gây ra. Bằng chứng cho một rối loạn lo âu độc lập bao gồm:  Các triệu chứng có trước khi sử dụng chat/thuốc; các triệu chứng tồn tại trong thời gian đủ dài (ví dụ, khoảng 1 tháng) sau trạng thái cai cấp hoặc nhiễm độc nặng; có bằng chứng khác về tồn tại một  nguyên nhân không do thuốc/chất gây rối loạn lo âu độc lập (ví dụ: tiền sử tái diễn một rối loạn lo âu không do thuốc/chất gây ra)"
No Title," Các triệu chứng hỗn hợp (ví dụ, khí sắc và lo âu).

-Rối loạn lo âu do 1 chất/thuốc.

	Rối loạn lo âu (không phải do 1 bệnh đãbiết).

	Rối loạn lo âu mắc bệnh.

	Các rối loạn thích ứng.  Rối loạn lo âu biệt định và không biệt định khác.

		RỐI LOẠN ÁM ẢNH – CƯỠNG BỨC VÀ CÁC RỐI LOẠN LIÊN QUAN (Obsessive-Compulsive and Related Disorders)

		Rối loạn ám ảnh – cưỡng bức  Mã số: 300.3 (F42)

	Có ám ảnh,cưỡng bức, hoặc cả hai:

Ám ảnh được định nghĩa bởi (1) và (2):"
No Title," Sự ám ảnh cưỡng bứctốn thời gian (ví dụ, phải mất hơn 1 giờ mỗi ngày), gây đau khổ hay biểu hiện đáng kể trên lâm sàng, gây suy giảm chức năng xã hội, nghề nghiệp, hoặc chức năng khác quan trọng  khác  .  Các triệu chứng ám ảnh cưỡng bức là không phải do tác dụng sinh lý của một chất (ví dụ, nghiện ma túy, mộtthuốc) hoặc một bệnh khác."
No Title," giới hạn ở hành vi nhổ tóc mà không có ám ảnh  .  Rối loạn ăn.

OCD có thể được phân biệt với chứng chán ăn tâm thần, trong đó ở OCD sự ám

ảnh cưỡng bức và không có các mối quan tâm về trọng lượng và thức ăn."
No Title," diện mạo của mình với người khác)  .  Mối bận tâm này gây ra sự đau khổ đáng kể hoặc làm tổn thiệt đến các hoạt

động xã hội, nghề nghiệp hoặc các chức năng quan trọng khác."
No Title," tưởng trong TTPL và các rối loạn loạn thần khác, suy giảm nhận thức trong rối loạn thần kinh – nhận thức, hứng thú hạn chế trong rối loạn phổ tự kỉ).

Chẩn đoán phân biệt:

	Một bệnh cơ thể khác.  Rối loạn phát triển thần kinh.

	Rối loạn phổ phân liệt và các rối loạn loạn thần khác.

	Giai đoạn trầm cảm chủ yếu.

	Rối loạn ám ảnh cưỡng bức.

	Rối loạn thần kinh – nhận thức."
No Title," loạn dị hình cơ thể, các động tác rập khuôn trong rối loạn vận động định hình, hoặc ý định tự gây tổn thương trong trong tự gây tổn thương không tự sát)  ."
No Title," Chú ý: Chẩn đoán này chỉ được đưa ra bổ sung thêm cho chẩn đoán ngộ độc hoặc cai một chất khi các triệu chứng trong tiêu chuẩn A chiếm ưu thế trong bệnh cảnh lâm sàng.

Chẩn đoán phân biệt:  Ngộ độc một chất.

	OCD và rối loạn liên quan không do một chất.

	OCD và rối loạn liên quan do một bệnh cơ thể.

	Sảng."
No Title," (distress).

	Trẻ rất ít khi đáp ứng hoặc đáp ứng ở mức độ tối thiểu với sự thoải mái, dễ chịu.

	Rối loạn mang tính bền vững cả về xã hội và cảm xúc, thể hiện ở ít nhất 2

trong 3 điểm dưới đây:  Đáp ứng cảm xúc và xã hội ở mức độ tối thiểu đối với người khác.

	Rất ít cảm xúc tích cực.  Có những giai đoạn kích thích, buồn rầu, sợ hãi không giải thích được, thể hiện ngay cả trong quá trình tương tác với người chăm sóc nhưng không có sự đe dọa nào đối với trẻ."
No Title," Ít hoặc không có hành động tìm kiếm người chăm sóc sau khi “mạo hiểm” đi thăm dò khu vực ngay cả những nơi không quen thuộc.

	Sẵn sàng hoặc rất ít do dự đi với người (lớn) không quen biết.  Những hành vi ở tiêu chuẩn A không chỉ là xung động (như trong tăng động/giảm chú ý) mà bao gồm cả những hành vi bị xã hội cấm."
No Title," Sự trải nghiệm lặp đi lặp lại hoặc tiếp xúc quá mức với chi tiết bất lợi của yếu tố gây sang trấn (ví dụ, phản ứng đầu tiên nhân viên cấp cứu nhân đạo, nhân viên cảnh sát nhiều lần tiếp xúc với  thông tin chi tiết của lạm dụng trẻ em)  . Lưu ý: Tiêu chuẩn A4 không áp dụng khi có sự tiếp xúc thông qua phương tiện truyền thông điện tử, truyền hình, phim ảnh, hoặc hình ảnh, trừ khi tiếp xúc là công việc có liên quan."
No Title," Tránh hoặc nỗ lực để tránh gợi nhớ lại (người, địa điểm, các cuộc hội thoại, các hoạt động, các đối tượng, tình huống) đó khơi dậy những ký ức đau buồn, suy nghĩ, hay cảm xúc liên quan chặt chẽ với  sang chấn  ."
No Title," Thời gian các rối loạn trên kéo dài (Tiêu chuẩn B, C, D, và E) hơn 1 tháng.

	Các rối loạn này không phải do tác động sinh lý của một chất hoặc một bệnh lý khác.  Ở trẻ em dưới hoặc bằng 6 tuổi, sự phơi nhiễm với cái chết thật sự hoặc đe dọa chết, bị thương nặng hoặc bạo hành tình dục theo một (hoặc nhiều hơn) trong số những cách sau đây:  Trực tiếp trải nghiệm sự kiện gây sang chấn.



	Chứng kiến tận mắt sự kiện khi nó xảy ra với những người khác

đặc biệt là những người chăm sóc gần gũi nhất."
No Title," Sự phiền muộn về tâm lý mạnh mẽ hay kéo dài khi phơi nhiễm với các tín hiệu từ bên trong hoặc bên ngoài mà tượng trưng cho hoặc giống với một khía cạnh của sự kiện gây sang chấn.  2. Các phản ứng sinh lý rõ rệt với các tín hiệu từ bên trong hoặc bên ngoài mà tượng trưng cho hoặc giống với một khía cạnh của sự kiện gây sang chấn.  Một (hoặc nhiều hơn) trong số những triệu chứng dưới đây, biểu hiện hoặc là sự né tránh dai dẳng các kích thích đi kèm với sự kiện gây sang chấn hoặc những thay đổi âm tính về nhận thức và khí sắc  đi kèm với sự kiện gây sang chấn phải hiện diện, bắt đầu hoặc xấu hơn sau sự kiện"
No Title," Hành vi liều lĩnh hoặc tự phá hủy.

	Tăng cảnh giác.

	Phản ứng giật mình thái quá.

	Gặp vấn đề trong việc tập trung.  Rối loạn giấc ngủ (khó đi vào giấc ngủ hay kho giữ giấc ngủ hoặc ngủ không yên).

	Khoảng thời gian của rối loạn là hơn 1 tháng.  Rối loạn gây ra phiền muộn có ý nghĩa về mặt lâm sàng và suy giảm trong mối quan hệ với cha mẹ, anh chị em, bạn bè cùng lứa, hay với những người chăm sóc khác hay với hành vi ở trường học.  Rối loạn không phải là do những tác động sinh lý của một chất (ví dụ thuốc hay bia rượu) hoặc một bệnh lý y khoa khác.

Các đặc điểm chẩn đoán"
No Title," rượu/phê thuốc, lạm dụng tình dục có tiếp xúc, lạm dụng tình dục không tiếp xúc, buôn lậu tình dục), bị bắt cóc, bị bắt làm con tin, tấn công khủng bố, tra tấn, bị giam làm tù nhân chiến tranh, thiên  tai hoặc thảm họa do con người gây ra, và một tai nạn giao thông nghiêm trọng)"
No Title," . Các hồi ức ám ảnh ở PTSD phân biệt với sự nghiền ngẫm của trầm cảm ở chỗ chúng chỉ áp dụng cho những kí ức gây khó chịu không tự ý và ám ảnh  . Sự nhấn mạnh là trên các kí ức tái diễn về sự kiện, thường bao gồm những thành tố về giác quan, hoặc cảm xúc, hoặc các thành tố về hành vi sinh lý  . Một triệu chứng tái trải nghiệm phổ biến là những giấc mơ gây khó chịu, tái hiện lại bản thân sự kiện, hoặc đại diện cho, hay có liên quan về chủ đề với các đe dọa trong sự kiện gây sang chấn (tiêu  chí B2)  . Cá nhân có thể trải qua những trạng thái phân ly kéo dài từ vài giây cho đến vài tiếng, hoặc thậm chí vài ngày, trong đó những thành phần của sự kiện được sống lại và cá nhân cư xử như thể sự kiện  đó đang diễn ra vào thời điểm hiện tại (tiêu chí B3)  . Những sự kiện đó diễn ra trên một thể liên tục từ những ám ảnh hình ảnh hoặc những ám ảnh giác quan khác ngắn về một phần của sự kiện gây sang chấn, mà vẫn không mất định hướng về thực tại, cho đến  mất hoàn toàn nhận thức về môi trường hiện tại  . Những giai đoạn, thường được gọi là ""hồi tưởng"" thường là ngắn song có thể đi kèm với những căng thẳng kéo dài và sự cảnh giác nâng cao"
No Title," triệu chứng cơ thể cao  .  Những kích thích đi kèm với chấn thương bị né tránh dai dẳng (luôn luôn hoặc gần như luôn luôn)  . Cá nhân thường chủ đích nỗ lực để né tránh những suy nghĩ, kí ức, cảm giác hoặc trò chuyện về sự kiện gây sang chấn đó (vd sử dụng những kỹ năng gây xao nhãng để tránh những yếu tố gợi nhắc từ bên  trong) (tiêu chí C1) và tránh những hoạt động, vật thể, tình huống hoặc con người đánh thức các ký ức về sự kiện đó (tiêu chí C2)  . Sự thay đổi âm tính về nhận thức hoặc khí sắc đi kèm với sự kiện bắt đầu hoặc xấu đi sau khi phơi nhiễm với sự kiện"
No Title," . Cá nhân có thể có sự suy giảm rõ rệt sự hứng thú hay tham gia vào những hoạt động mà trước đây từng thích (tiêu chí D5), cảm thấy xa cách hay xa lạ với người khác (tiêu chí D6), hoặc không có khả  năng dai dẳng trong việc cảm nhận các cảm xúc tích cực, đặc biệt là niềm hạnh phúc, vui vẻ, thỏa mãn hoặc những cảm xúc đi kèm với sự mật thiết, âu yếm và tình dục (tiêu chí D7)"
No Title," thoại trong một khoảng thời gian dài), được báo cáo phổ biến và có thể đi kèm với việc gặp ác mộng và lo lắng về sự an toàn hoặc đi kèm với sự cảnh giác tăng cao một cách lan tỏa, ảnh hưởng đến việc  ngủ trọn giấc (tiêu chí E6)  . Một số cá nhân còn có các triệu chứng phân ly dai dẳng về việc tách rời khỏi cơ thể của họ (giải thể nhân cách) hoặc thế giới xung quanh (tri giác sai thực tại); điều này được phản ánh trong ghi chú  ""với các triệu chứng phân ly"""
No Title, Rối loạn nhân cách.  Bệnh nhân có rối loạn nhân cách có khó khăn trong quan hệ giữa các cá nhân với nhau ngay từ khi phát bệnh. Khi có sang chấn có thể có triệu chứng PTSD nhiều hơn các biểu hiện của rối loạn nhân cách
No Title," Trực tiếp trải qua những sự kiện sang chấnđó.

	Chứng kiến sự kiện sang chấnđó xảy ra với những người khác.  Biết được sự kiện sang chấn đó xảy ra với một thành viên trong gia đình hoặc bạn bè thân thiết  . Trong trường hợp liên quan đến cái chết thật sự hay đe dọa chết của một thành viên trong gia đình hoặc bạn bè, sự kiện phải được xảy ra bạo lực hoặc tình cờ."
No Title," Mất khả năng trải nghiệm cảm xúc tích cực dai dẳng (ví dụ, không có khả năng để trải nghiệm hạnh phúc, sự hài lòng, hoặc cảm xúc yêu thương).

Các triệu chứng phân ly:  Thay đổi giác quan thực xung quanh của mình hoặc giác quan của mình (ví dụ, khi nhìn thấy chính mình từ quan điểm của người khác, thời gian chậm lại).  Không có khả năng nhớ biểu hiện quan trọng của sang chấn (thường do mất nhớ phân ly và không đo yếu tố khác như CTSN, rượu hoặc ma túy).

Triệu chứng tránh né:"
No Title," Các rối loạn thích ứng.

	Rối loạn hoảng sợ.

	Rối loạn phân li.

	PTSD.

	OCD.

	Các rối loạn loạn thần.

	CTSN.

7.5  Các rối loạn thích ứng (Adjustment Disorders)  Các triệu chứng rối loạn về cảm xúc hoặc hành vi trước một tác nhân gây sang chấn xác định xảy ra trong vòng 3 tháng kể từ khi bắt đầu có sang chấn.  Các triệu chứng hoặc hành vi có ý nghĩa lâm sàng, được biểu hiện bằng một hoặc cả hai tình huống sau:  Không tương xứng với mức độ nghiêm trọng hay cường độ của sang chấn, có tính đến bối cảnh bên ngoài, các yếu tố văn hóa ảnh hưởng đến mức độ nghiêm trọng của triệu chứng.  Sự suy giảm đáng kể các chức năng xã hội, nghề nghiệp hoặc chức năng quan trọng khác.  Các rối loạn liên quan đến sang chấn không đáp ứng các tiêu chuẩn cho một rối loạn tâm thần và không phải là một đợt cấp của một triệu chứng tồn tại từ trước.  Các triệu chứng không phải là những biểu hiện của có tang thông thường.

	Khi tác nhân gây sang chấn hoặc hậu quả của nó đã chấm dứt, các triệu chứng không kéo dài trên 6 tháng.  Chẩn đoán phân biệt:

	Rối loạn trầm cảm chủ yếu.

	PTSD.

	Các rối loạn nhân cách.

	Các yếu tố tâm lý ảnh hưởng đến một bệnh cơ thể khác.

	Các phản ứng stress thông thường."
No Title," Những hành vi, cảm giác, ý nghĩ quá mức về các triệu chứng cơ thể hoặc triệu chứng liên quan đến sức khỏe, dễ nhận thấy bởi ít nhất 1 biểu hiện sau:  Những ý nghĩ dai dẳng và không tương xứng về mức độ nghiêm trọng của các triệu chứng.

	Lo lắng quá mức một cách dai dẳng về sức khỏe hay về các triệu chứng cơ

thể.  Mất quá nhiều công sức và thời gian cho các triệu chứng nói trên hay các vấn

đề có liên quan đến sức khỏe.  Mặc dù các triệu chứng cơ thể không còn nhưng trạng thái mà các triệu chứng gây ra vẫn kéo dài dai dẳng ở người bệnh (thường ít nhất 6 tháng).



Biệt định nếu:"
No Title," Lo lắng quá nhiều về sức khỏe, người bệnh rất dễ hoảng sợ với tình trạng sức khỏe của mình.  Có các hành vi liên quan đến sức khỏe như khám đi khám lại để xem có bệnh hay không… hoặc các biểu hiện trốn tránh như tránh đi khám bác sỹ, hay khám ở bệnh viện...  Lo lắng này kéo dài ít nhất 6 tháng.  Việc bệnh nhân lo lắng mình mắc bệnh không phải do các rối loạn tâm thần khác như: Rối loạn triệu chứng dạng cơ thể, rối loạn hoảng sợ, rối loạn lo âu lan tỏa, rối loạn sợ biến dạng cơ thể, rối loạn"
No Title," Triệu chứng hỗn hợp.

Biệt định nếu:

		Thời kỳ cấp tính: Các triệu chứng kéo dài ít hơn 6 tháng.



		Dai dẳng: Các triệu chứng kéo dài ít nhất 6 tháng.

Biệt định nếu:

		Có căng thẳng tâm lý  Không có căng thẳng tâm lý.





		Các yếu tố tâm lý ảnh hưởng đến những bệnh cơ thể khác (Psychological Affecting Other Medical Conditions)

Mã số: 316 (F54)"
No Title," Thời kỳ đơn độc.

		Các thời kỳ tái diễn.

	Rối loạn giả bệnh cho người khác

	Giả các triệu chứng cơ thể hay tâm lý, hoặc giả bị thương hay mắc một bệnh nào đó cho người khác.  Người bệnh thể hiện cho người khác thấy là người nào đó (nạn nhân)

đang mắc bệnh, bị thương tật.

	Có bằng chứng về hành vi giả bệnh cho người khác."
No Title," Rối loạn cơ thể không biệt định khác và các rối liên quan không được

	RỐI LOẠN ĂN VÀ NUÔI DƯỠNG (Feeding and Eating Disorder)

	Dị thực (Pica)



	Rối loạn nhai lại (Rumination Disorder)  Mã số: 307.53 (F98.21)



	Rối loạn trốn ăn/ăn ít (Avoidant/Restrictive Food Intake Disorder)

Mã số: 307.59 (F50.8)



	Chán ăn tâm lý (Anorexia Nervosa)



	Ăn nhiều tâm lý (Bulimia Nervosa)"
No Title," này không đủ giải thích cho triệu chứng mất ngủ.

Biệt định với:

Phối hợp với các rối loạn tâm thần không gây ra mất ngủ, bao gồm lạm dụng chất.

Phối hợp với các bệnh cơ thể.  Phối hợp với các rối loạn giấc ngủ khác.  Mã số: Mã là 780.52 (G47.00) áp dụng cho cả 3 biệt định trên. Cod của các rối loạn tâm thần, bệnh cơ thể và rối loạn giấc ngủ phối hợp đánh đàng sau để chỉ bệnh phối hợp với mất ngủ.

Biệt định:"
No Title," nhiều chiếm ưu thế hằng ngày Ngủ lịm (Narcolepsy)  Tái diễn các cơn buồn ngủ hoặc rơi vào giấc ngủ không thể cưỡng lại, diễn ra hằng ngày. Các cơn buồn ngủ này diễn ra ít nhất 3 lần mỗi tuần và kéo dài ít nhất 3 tháng."
No Title," Biểu hiện rõ ràng trên biểu dồ giấc ngủ, có 5 lần ngừng thở trở lên trong mỗi giờ ngủ.

	Rối loạn không phải là một rối loạn giấc ngủ khác.  Giảm thông khí liên quan đến giấc ngủ (Sleep Related Hypoventiliation)  Trên biểu đồ giấc ngủ có các giai đoạn giảm hô hấp phối hợp với tăng nồng độ CO2  . (lưu ý: nếu không có dụng cụ đo nồng độ CO2 thì phải có giảm bền vững lượng hemoglobin bão hòa oxy không phối hợp với ngạt thở)."
No Title," . Họ không đáp ứng với các cố gắng của người khác nhằm đánh thức bệnh nhân.  Không nhớ lại được (hoặc rất ít) nội dung các giấc mơ.

	Quên trong cơn.  Các giai đoạn này là nguyên nhân gây ra các triệu chứng lâm sàng rõ rệt hoặc gây rối loạn các chức năng xã hội, nghề nghiệp và các chức năng quan trọng khác.  Rối loạn không phải do một chất gây ra (lạm dụng ma túy và thuốc).

	Đi trong giấc ngủ và hoảng hốt trong đêm không phải do một bệnh cơ thể

hoặc một rối loạn tâm thần khác gây ra."
No Title," Có tiền sử rối loạn hành vi trong giấc ngủ REM và có bệnh tổn thương các

nhân thần kinh (bệnh Parkinson, teo não lan tỏa).  Rối loạn giấc ngủ này là nguyên nhân gây ra các triệu chứng lâm sàng khó chịu rõ rệt và gây tổn thương các chức năng xã hội, nghề nghiệp và các chức năng quan trọng khác (bao gồm cả các vết thương  tự gây ra cho mình và cho người khác khi ngủ)"
No Title," Rối loạn không phải là một rối loạn giấc ngủ khác. Bằng chứng rõ ràng của một rối loạn giấc ngủ độc lập bao gồm các biểu hiện sau:  Triệu chứng mất ngủ xuất hiện sau khi bắt đầu dùng chất, các triệu chứng mất ngủ tồn tại trong suốt thời gian cai do ngừng sử dụng chất hoặc trong thời gian ngộ độc cấp chất (khoảng 1 tháng).  Rối loạn giấc ngủ không xảy ra trong khi sảng.  Rối loạn là nguyên nhân gây ra các triệu chứng lâm sàng khó chịu, gây tổn thương các chức năng xã hội, nghề nghiệp hoặc các chức năng quan trọng khác  . Lưu ý: Chẩn đoán này thay cho chẩn đoán ngộ độc hoặc cai một chất nếu các triệu chứng ở tiêu chuẩn A nổi bật và đủ nặng trên lâm sàng."
No Title," thuốc bị lạm dụng, và gây ra những triệu chứng hành vi có vẻ so sánh được với rối loạn sử dụng chất  .  Rối loạn liên quan đến chất được chia thành hai nhóm: rối loạncsử dụng chất và rối loạn gây ra do chất"
No Title," Cần tăng đáng kể lượng rượu uống để gây ngộ độc rượu hoặc để thỏa mãn cơn thèm rượu.

	Giảm đáng kể hiệu quả của rượu nếu giữ nguyên lượng rượu uống.

	Hội chứng cai rượu được định nghĩa như sau:  Có hội chứng cai rượu điển hình.

	Cần uống rượu (hoặc các thuốc khác như benzodiazepin) để tránh có hội chứng cai rượu.

Được biệt định:"
No Title," Các dấu hiệu hoặc triệu chứng trên không liên quan đến tình trạng bệnh lý cơ thể và không giải thích tốt hơn bởi rối loạn tâm thần khác bao gồm nhiễm độc các chất khác.  13.1.3 Trạng thái cai rượu (Alcohol Withdrawal)

	Ngừng hoặc giảm sử dụng rượu trên người đã và đang sử dụng rượu số lượng nhiều và kéo dài.  Hai (hoặc nhiều hơn) các biểu hiện sau phát triển trong vòng vài giờ đến vài ngày sau khi ngừng (hoặc giảm) việc sử dụng rượu được mô tả trong tiêu chuẩn A.  Tăng hoạt động tự động (ví dụ đỏ mồ hôi hoặc nhịp tim >100l/p).

	Tăng run tay.

	Mất ngủ.

	Buồn nôn hoặc nôn.

	Ảo giác thị giác, ảo giác xúc giác, ảo thanh hoặc ảo tưởng."
No Title," Các dấu hiệu hoặc triệu chứng trong tiêu chuẩn B gây ra nguy kịch lâm sàng đáng kể hoặc làm giảm chức năng xã hội, nghề nghiệp, hoặc các chức năng quan trọng khác.  Các dấu hiệu hoặc triệu chứng này không phải do một bệnh cơ thể và không được giải thích tốt hơn bằng một rối loạn tâm thần khác, bao gồm cả nhiễm độc một chất khác.

HỘI CHỨNG CAI CAFFEINE"
No Title," một chất hoặc các biệt định thêm vào  .  Các rối loạn liên quan đến ma túy nhóm opioid (Opioid – Related Disorders)

	Rối loạn (do) sử dụng opioid (Opioid Use Disorder)"
No Title," opioid (hoặc một chất có liên quan chặt chẽ) được sử dụng để tránh hoặc giảm triệu chứng cai.

Lưu ý: Tiêu chuẩn này không áp dụng đối với cá nhân sử dụng opioid dưới sự giám sát y tế thích hợp.  Biệt định:"
No Title," thời gian sử dụng, ngay sau khi sử dụng opioid  .  Đồng tử co nhỏ (hoặc giãn đồng tử do thiếu oxy do sử dụng liều quá cao) và 1 (hoặc nhiều hơn) các dấu hiệu hoặc triệu chứng sau phát triển trong thời gian sử dụng, ngay sau khi sử dụng opioid."
No Title," Rối loạn chú ý ( suy giảm khả năng định hướng, tập trung, duy trì và di chuyển chú ý) và nhận thức( suy giảm định hướng môi trường).  Rối loạn tăng lên trong 1 thời gian ngắn ( thường vài giờ tới vài ngày), biểu lộ sự thay đổi từ chú ý và nhận thức ban đầu, và có xu hướng dao động mức độ trong ngày.  Rối loạn quá trình nhận thức ( giảm trí nhớ, rối loạn định hướng, ngôn ngữ, khả năng nhận thức thị giác, hoặc tri giác).  Rối loạn trong tiêu chuẩn A và C không được giải thích tốt hơn bởi rối loạn thần kinh - nhận thức đã có trước đó hoặc rối loạn thần kinh - nhận thức tiến triển và không diễn ra trong tình huống suy  giảm nặng sự thức tỉnh, như là hôn mê"
No Title," Suy giảm nhận thức biểu hiện không chỉ trong sảng.

D.Sự suy giảm nhận thức không được giải thích tốt hơn bởi rối loạn tâm thần khác ( ví dụ, rối loạn trầm cảm chủ yếu, TTPL).  Biệt định nếu gây ra bởi:

		Bệnh Alzheimer

		Thoái hóa thùy trán thái dương

		Bệnh tiểu thể Lewy

		Bệnh mạch máu

		Chấn thương sọ não.

		Sử dụng chất/thuốc

		Nhiễm HIV"
No Title," phải cố gắng nhiều, bù trừ, hoặc phải đòi hỏi sự điều chỉnh)  .  C. Sự suy giảm nhận thức thể hiện không chỉ trong sảng.

D.Sự suy giảm nhận thức không được giải thích tốt hơn bởi rối loạn tâm thần khác (ví dụ, rối loạn trầm cảm chủ yếu, TTPL).

Biệt định:"
No Title," nhận thức)  .  Với rối loạn thần kinh - nhận thức nhẹ:

Bệnh Alzheimer “chắc hẳn”được chẩn đoán nếu có bằng chứng của đột biến gen gây ra bệnh Alzheimer từ xét nghiệm gen hoặc bệnh sử gia đình.  Bệnh Alzheimer “có thể” được chẩn đoán nếu không có bằng chứng của đột biến gen gây ra bệnh Alzheimer từ xét nghiệm gen hoặc bệnh sử gia đình, và tất cả ba điều sau phải tồn tại:  Có bằng chứng rõ ràng của suy giảm trí nhớ và sự hiểu biết



	Sự tiến triển đều đều, suy giảm từ từ trong nhận thức, không có giai đoạn chững lại kéo dài.  Không có bằng chứng của nguyên nhân hỗn hợp ( nghĩa là, không có thoái hóa thần kinh khác hoặc bệnh mạch máu não hoặc bệnh thần kinh, tâm thần, hệ thống khác, hoặc tình trạng có thể gây ra suy giảm"
No Title," Rối loạn không được giải thích tốt hơn bởi bệnh mạch máu não, bệnh thoái hóa thần kinh khác, tác động của một chất, hoặc bệnh tâm thần, thần kinh hoặc hệ thống khác.  Rối loạn thần kinh-nhận thức trán thái dương “ chắc chắn” được chẩn đoán nếu tồn tại một trong những điều sau, nếu không thì chẩn đoán là rối loạn thần kinh- nhận thức trán thái dương“có thể”.  Có bằng chứng của đột biến gen gây nên rối loạn thần kinh-nhận thức trán

thái dương, từ tiền sử gia đình hoặc xét nghiệm gen.  Có bằng chứng của thùy trán và/hoặc thùy thái dương không cân đối từ chẩn

đoán hình ảnh thần kinh.  Rối loạn thần kinh-nhận thức trán thái dương“có thể” được chẩn đoán nếu không có bằng chứng của đột biến gen và chẩn đoán hình ảnh chưa được thực hiện."
No Title," Các đặc điểm lâm sàng luôn đồng hành cùng bệnh căn mạch máu não, thể hiện qua 1 trong 2 điểm dưới đây:

	Khởi phát suy giảm nhận thức luôn gắn với một/hoặc nhiều hơn sự cố tai biến mạch máu não.  Có bằng chứng cho thấy sự suy giảm thể hiện rõ nét trong chú ý phức tạp (bao gồm cả vận tốc xử lí) và chức năng điều hành – vùng trán.  Trong bệnh sử, kết quả khám và /hoặc hình ảnh thần kinh có bằng chứng về bệnh mạch máu não được xem là phù hợp với suy giảm thần kinh – nhậnthức.  Các triệu chứng không thể được giải thích tốt hơn bởi một bệnh não khác hoặc một rối loạn hệ thống."
No Title," Mất ý thức

	Mất nhớ sau chấn thương

	Rối loạn định hướng và nhớ bịa.  Các dấu hiệu thần kinh (ví dụ, kết quả hình ảnh thần kinh cho thấy có chấn thương; xuất hiện các cơn co giật; tình trạng nặng nề hơn của các cơn co giật đã có trước đó; thu hẹp trường thị giác; mất  khứu giác; liệt nhẹ bán thân)"
No Title," Rối loạn thần kinh - nhận thức nhẹ hoặc chủ yếu do bệnh nhà tù (Major or Mild Neurocognitive Disorder Due to Prion Disease)  Rối loạn đáp ứng các tiêu chuẩn rối loạn thần kinh – nhận thức nhẹ hoặc chủ yếu.

	Khởi bệnh âm ỉ, đều có chugn một đặc điểm là tổn thiệt tiến triển nhanh.  Có các triệu chứng vận động của bệnh nhà tù, dạng như giật cơ (myoclonus), thất điều (ataxia) hoặc bằng chứng chỉ điểm sinh học (biomarker evidence)."
No Title," Rối loạn thần kinh - nhận thức không thể quy cho một bệnh cơ thể khác và không thể được giải thích tốt hơn bởi một rối loạn tâm thần khác.  Rối loạn thần kinh - nhận thức nhẹ hoặc chủ yếu do một bệnh cơ thể khác (Major or Mild Neurocognitive Disorder Due to Another Medical Condition)  Rối loạn đáp ứng các tiêu chuẩn rối loạn thần kinh – nhận thức nhẹ hoặc chủ yếu.  Trong bệnh sử, kết quả khám và xét nghiệm cận lâm sàng có bằng chứng cho thấy suy giảm thần kinh – nhậnthức là hậu quả sinh lí bệnh của một bệnh cơ thể khác.  Rối loạn thần kinh - nhận thức không thể được giải thích tốt hơn bởi một rối loạn tâm thần khác hoặc một rối loạn thần kinh - nhận thức biệt định khác (ví dụ, bệnh Alzheimer, nhiễm HIV)."
No Title," Nghi ngờ không có cơ sở rằng những người xung quanh đang làm hại và lừa rối bệnh nhân.

	Luôn nghi ngờ thiếu cơ sở về lòng trung thành của những người bạn hoặc đối tác của bệnh nhân.  Luôn sợ người khác sử dụng các thông tin có hại nhằm chống lại bệnh nhân.

	Luôn nhận thấy nội dung bị che dấu hoặc các nội dung đe dọa từ những dấu hiệu hoặc sự kiện xảy ra.  Thù dai dẳng, nghĩa là không bao giờ tha thứ cho sự lăng mạ, sự tổn thương

dù là nhẹ mà người khác gây ra cho bệnh nhân."
No Title," có 5 (hoặc hơn) các biểu hiện sau:  ý tưởng liên hệ (chưa phải là hoang tưởng liên hệ).

	Niềm tin rất kỳ quái, chi phối hành vi và không phù hợp với nền văn hóa (mê  tín, tin rằng mình luôn sáng suốt tuyệt đối, giác quan thứ 6, phép thuật).

	Có những trải nghiệm tri giác không bình thường, bao gồm cả ảo tưởng về cơ

thể."
No Title," Thất bại trong việc hòa nhập hoạt động xã hội bình thường với nhiều hành vi phạm pháp dẫn đến bị bắt giữ.  Lừa đảo, nói dối thường xuyên, sử dụng các tên giả hoặc bẫy người khác với mục đích trục lợi hoặc giải trí.

	Bốc đồng hoặc thất bại trong thực hiện các kế hoạch đề ra trước đó.  Dễ nổi cáu và kích động dẫn đến đánh nhau hoặc hành hạ người khác.

	Không quan tâm lo lắng đến sự an toàn của bản thân và của người khác.  Vô trách nhiệm thể hiện trong công việc và không tuân thủ nghĩa vụ tài chính.

	Không ân hận thể hiện bằng sự vô cảm trước các sự đau đớn, ngược đãi hoặc bị mất trộm của người khác."
No Title," Rối loạn nhân cách ranh giới (BorderlinePersonality Disorder)

Mã số: 301.83 (F60.3)  Biểu hiện sự không ổn định trong quan hệ và cảm xúc với người thân, với bản thân mình, thể hiện sớm và rõ ràng ở tuổi vị thành niên trong các hoàn cảnh khác nhau, có 5 hoặc hơn các tiêu chuẩn sau:  Cố gắng một cách điên cuồng để khỏi bị bỏ rơi trên thực tế hoặc trong tưởng tượng.

	Sự không ổn định trong quan hệ với mọi người được đặc trưng bởi sự giao

động giữa tuyệt vời và tồi tệ.  Sự tưởng tượng và cảm nhận về bản thân không rõ ràng và không ổn định.  Có xung động tự làm hại mình rõ ràng trên ít nhất 2 khía cạnh (tiêu tiền, quan hệ tình dục, lạm dụng ma túy, lái xe cẩu thả, ăn vô độ). Lưu ý: không bao gồm hành vi tự sát hoặc tự hủy hoại mình.  Tái phát sự đe dọa hoặc có hành vi tự sát và hành vi tự hủy hoại cơ thể.  Cảm xúc không ổn định thể hiện ở các phản ứng cảm xúc (có những giai đoạn phấn khích, kích động, lo âu rõ ràng kéo dài một vài giờ hoặc đôi khi kéo dài vài ngày).

	Luôn có cảm giác trống rỗng.  Dễ nổi cáu mạnh mẽ một cách vô lý hoặc khó kiểm soát được sự nổi cáu (nghĩa là dễ nổi nóng, luôn cáu kỉnh, hay đánh nhau).  Có ý nghĩ paranoid thoáng qua liên quan đến stress hoặc có các triệu chứng rối loạn phân ly nặng.

Chẩn đoán phân biệt"
No Title," Rối loạn nhân cách kịch tính (HistrionicPersonality Disorder)

Mã số: 301.50 (F60.4)  Một tình trạng cảm xúc kịch phát để lôi kéo sự chú ý của những người xung quanh, bắt đầu sớm ở tuổi trưởng thành, có 5 (hoặc hơn) các biểu hiện sau:  Không cảm thấy thoải mái ở trong các tình huống mà họ không phải là trung tâm chú ý.

	Trong mối quan hệ với người khác, họ hay quyến rũ về tình dục hoặc có hành vi khiêu khích.  Thay đổi cảm xúc nhanh biểu hiện rõ rệt.

	Than phiền về các rối loạn cơ thể để được chú ý đến.

	Nói rất nhiều nhưng thiếu cụ thể.

	Tự kịch tính hóa, đe dọa và bùng nổ cảm xúc."
No Title," Tin tưởng rằng mình là người duy nhất và chỉ có những người đặc biệt khác hoặc người ở tầng lớp cao của xã hội mới có thể hiểu và hợp tác với mình được.  Luôn đòi hỏi được mọi người ngưỡng mộ mình.

	Cho rằng mình có nhiều quyền lực, nghĩa là bắt mọi người phải tuân thủ mọi ý kiến của mình.  Dễ nổi giận trong quan hệ với mọi người khi ý kiến của mình không được lắng nghe và tuân theo.

	Bóc lột trong mối quan hệ với mọi người, nghĩa là luôn dành thuận lợi về mình.  Thiếu sự đồng cảm: không muốn nhận ra hoặc không muốn xác định cảm xúc và nhu cầu của người khác.

	Thường ghen tị với người khác hoặc tin rằng người khác ghen tị với mình."
No Title," (hoặc hơn) các biểu hiện sau:  Tránh xa các hoạt động mà phải tiếp xúc với người khác do sợ bị phê bình, sợ không được chấp thuận hoặc sợ bị bỏ rơi.

	Không muốn kết bạn với người khác trừ những người họ thích.  Luôn kiềm chế trong lúc khởi đầu các mối quan hệ do xấu hổ hoặc sợ bị chê

cười.

	Luôn sợ bị phê bình, chỉ trích hoặc bị bỏ rơi trong các tình huống xã hội.  Hạn chế các mối quan hệ với mọi người do luôn cho rằng mình kém cỏi.

	Luôn cho rằng mình không có chỗ trong xã hội, không hấp dẫn hoặc kém cỏi.  Thỉnh thoảng giao động về các mối nguy cơ khi kết bạn với người khác hoặc

lưỡng lự trong mọi hoạt động mới vì chúng có thể gây tăng sự lúng túng.

Chẩn đoán phân biệt"
No Title," Khó biểu hiện sự phản đối với người khác do sợ bị mất sự hỗ trợ. Lưu ý: không bao gồm sợ bị trả thù thực sự.  Khó bắt đầu tự làm một việc gì đó (do không tự tin về các phán đoán của mình hơn là không có khả năng hoặc không có năng lượng).  Luôn mất rất nhiều thời gian tìm kiếm sự giúp đỡ của người khác, sự chỉ bảo của người tình nguyện để làm một việc gì mà bệnh nhân không thích.  Cảm thấy khó chịu và không được giúp đỡ khi ở một mình vì họ sợ không ai có thể chăm sóc được họ.  Nhanh chóng tìm kiếm người khác để chăm sóc và hỗ trợ họ khi mối quan hệ với người thân cũ đã kết thúc.

	Luôn bận tâm một cách vô lý về việc sợ phải tự chăm sóc bản thân mình.

Chẩn đoán phân biệt  Sự phụ thuộc có thể gặp trong nhiều dạng rối loạn tâm thần khác nhau, do vậy chẩn đoán phân biệt là rất khó khăn  . Phụ thuộc cũng nổi bật trong rối loạn nhân cách thể kịch tính, thể ranh giới, nhưng với cường độ nhẹ hơn và không diễn ra trên tất cả các lĩnh vực của cuộc sống.  Bệnh nhân rối loạn nhân cách thể khép kín và dạng phân liệt dễ phân biệt với rối loạn nhân cách thể phụ thuộc.

	Hành vi phụ thuộc cũng xảy ra ở bệnh nhân có ám ảnh sợ khoảng trống, nhưng  có chiều hướng lo âu và hoảng sợ rất cao. 15.4.3Rối loạn nhân cách ám ảnh – cưỡng bức

Mã số: 301.4 (F60.5)  Luôn luôn kiên trì, luôn đòi hỏi sự hoàn hảo, luôn quan tâm đến kiểm soát mối quan hệ với mọi người, đến hiệu quả công việc, không linh hoạt, không cởi mở, bắt đầu sớm ở tuổi trưởng thành, có 4 (hoặc  hơn) các triệu chứng sau:  Luôn bận tâm đến chi tiết, quy luật, danh sách, mệnh lệnh, tổ chức hoặc thời khóa biểu, còn điểm chủ yếu của một hoạt động nào đó thì lại bị bỏ rơi. "
